{"cameraMode":{"drawMode":0,"name":"Shaded","section":"Shading Mode"},"sceneLighting":true,"audioPlay":false,"sceneViewState":{"m_AlwaysRefresh":false,"showFog":true,"showSkybox":true,"showFlares":true,"showImageEffects":true,"showParticleSystems":true,"showVisualEffectGraphs":true,"m_FxEnabled":true},"in2DMode":false,"pivot":{"x":-0.7163448929786682,"y":0.29789888858795168,"z":-0.853194534778595},"rotation":{"x":-0.11792734265327454,"y":0.013998692855238915,"z":-0.0016661301488056779,"w":-0.9929693341255188},"size":6.317784786224365,"orthographic":false}